{"Andreoli":{"Esatto":{"10":8.0864524836123,"9.5":5.4179231640202,"9":5.4179231640202,"8.5":4.0333427998817,"8":4.0333427998817,"7.5":3.3779245949009,"7":3.3779245949009,"6.5":3.2331563979766,"6":3.2331563979766,"5.5":3.6103579777405,"5":3.6103579777405,"4.5":4.8378796901723,"4":4.8378796901723,"3.5":8.1034484810387,"3":8.1034484810387,"2":18.097701607653,"1":60.627300385638},"Under":{"10":1,"9.75":1.1633725130506,"9.25":1.1633725130506,"8.75":1.303299033402,"8.25":1.303299033402,"7.75":1.5544436861289,"7.25":1.5544436861289,"6.75":2.0189902729389,"6.25":2.0189902729389,"5.75":2.9355691136071,"5.25":2.9355691136071,"4.75":4.9466007862103,"4.25":4.9466007862103,"3.75":10.120641548659,"3.25":10.120641548659,"3":10.120641548659,"2":26.949936147538},"Over":{"10":null,"9.75":null,"9.25":5.1271061071148,"8.75":3.0938948058092,"8.25":3.0938948058092,"7.75":2.018598970487,"7.25":2.018598970487,"6.75":1.4265818184146,"6.25":1.4265818184146,"5.75":1.0919836170863,"5.25":1.0919836170863,"4.75":1,"4.25":1,"3.75":1,"3.25":1,"3":1,"2":1}},"Bacchetti":{"Esatto":{"10":8.0864524836123,"9.5":5.4179231640202,"9":5.4179231640202,"8.5":4.0333427998817,"8":4.0333427998817,"7.5":3.3779245949009,"7":3.3779245949009,"6.5":3.2331563979766,"6":3.2331563979766,"5.5":3.6103579777405,"5":3.6103579777405,"4.5":4.8378796901723,"4":4.8378796901723,"3.5":8.1034484810387,"3":8.1034484810387,"2":18.097701607653,"1":60.627300385638},"Under":{"10":1,"9.75":1.1633725130506,"9.25":1.1633725130506,"8.75":1.303299033402,"8.25":1.303299033402,"7.75":1.5544436861289,"7.25":1.5544436861289,"6.75":2.0189902729389,"6.25":2.0189902729389,"5.75":2.9355691136071,"5.25":2.9355691136071,"4.75":4.9466007862103,"4.25":4.9466007862103,"3.75":10.120641548659,"3.25":10.120641548659,"3":10.120641548659,"2":26.949936147538},"Over":{"10":null,"9.75":null,"9.25":5.1271061071148,"8.75":3.0938948058092,"8.25":3.0938948058092,"7.75":2.018598970487,"7.25":2.018598970487,"6.75":1.4265818184146,"6.25":1.4265818184146,"5.75":1.0919836170863,"5.25":1.0919836170863,"4.75":1,"4.25":1,"3.75":1,"3.25":1,"3":1,"2":1}},"Bara":{"Esatto":{"10":8.0864524836123,"9.5":5.4179231640202,"9":5.4179231640202,"8.5":4.0333427998817,"8":4.0333427998817,"7.5":3.3779245949009,"7":3.3779245949009,"6.5":3.2331563979766,"6":3.2331563979766,"5.5":3.6103579777405,"5":3.6103579777405,"4.5":4.8378796901723,"4":4.8378796901723,"3.5":8.1034484810387,"3":8.1034484810387,"2":18.097701607653,"1":60.627300385638},"Under":{"10":1,"9.75":1.1633725130506,"9.25":1.1633725130506,"8.75":1.303299033402,"8.25":1.303299033402,"7.75":1.5544436861289,"7.25":1.5544436861289,"6.75":2.0189902729389,"6.25":2.0189902729389,"5.75":2.9355691136071,"5.25":2.9355691136071,"4.75":4.9466007862103,"4.25":4.9466007862103,"3.75":10.120641548659,"3.25":10.120641548659,"3":10.120641548659,"2":26.949936147538},"Over":{"10":null,"9.75":null,"9.25":5.1271061071148,"8.75":3.0938948058092,"8.25":3.0938948058092,"7.75":2.018598970487,"7.25":2.018598970487,"6.75":1.4265818184146,"6.25":1.4265818184146,"5.75":1.0919836170863,"5.25":1.0919836170863,"4.75":1,"4.25":1,"3.75":1,"3.25":1,"3":1,"2":1}},"Canipari":{"Esatto":{"10":8.0864524836123,"9.5":5.4179231640202,"9":5.4179231640202,"8.5":4.0333427998817,"8":4.0333427998817,"7.5":3.3779245949009,"7":3.3779245949009,"6.5":3.2331563979766,"6":3.2331563979766,"5.5":3.6103579777405,"5":3.6103579777405,"4.5":4.8378796901723,"4":4.8378796901723,"3.5":8.1034484810387,"3":8.1034484810387,"2":18.097701607653,"1":60.627300385638},"Under":{"10":1,"9.75":1.1633725130506,"9.25":1.1633725130506,"8.75":1.303299033402,"8.25":1.303299033402,"7.75":1.5544436861289,"7.25":1.5544436861289,"6.75":2.0189902729389,"6.25":2.0189902729389,"5.75":2.9355691136071,"5.25":2.9355691136071,"4.75":4.9466007862103,"4.25":4.9466007862103,"3.75":10.120641548659,"3.25":10.120641548659,"3":10.120641548659,"2":26.949936147538},"Over":{"10":null,"9.75":null,"9.25":5.1271061071148,"8.75":3.0938948058092,"8.25":3.0938948058092,"7.75":2.018598970487,"7.25":2.018598970487,"6.75":1.4265818184146,"6.25":1.4265818184146,"5.75":1.0919836170863,"5.25":1.0919836170863,"4.75":1,"4.25":1,"3.75":1,"3.25":1,"3":1,"2":1}},"Cavedaghi":{"Esatto":{"10":8.0864524836123,"9.5":5.4179231640202,"9":5.4179231640202,"8.5":4.0333427998817,"8":4.0333427998817,"7.5":3.3779245949009,"7":3.3779245949009,"6.5":3.2331563979766,"6":3.2331563979766,"5.5":3.6103579777405,"5":3.6103579777405,"4.5":4.8378796901723,"4":4.8378796901723,"3.5":8.1034484810387,"3":8.1034484810387,"2":18.097701607653,"1":60.627300385638},"Under":{"10":1,"9.75":1.1633725130506,"9.25":1.1633725130506,"8.75":1.303299033402,"8.25":1.303299033402,"7.75":1.5544436861289,"7.25":1.5544436861289,"6.75":2.0189902729389,"6.25":2.0189902729389,"5.75":2.9355691136071,"5.25":2.9355691136071,"4.75":4.9466007862103,"4.25":4.9466007862103,"3.75":10.120641548659,"3.25":10.120641548659,"3":10.120641548659,"2":26.949936147538},"Over":{"10":null,"9.75":null,"9.25":5.1271061071148,"8.75":3.0938948058092,"8.25":3.0938948058092,"7.75":2.018598970487,"7.25":2.018598970487,"6.75":1.4265818184146,"6.25":1.4265818184146,"5.75":1.0919836170863,"5.25":1.0919836170863,"4.75":1,"4.25":1,"3.75":1,"3.25":1,"3":1,"2":1}},"Conzadori":{"Esatto":{"10":8.0864524836123,"9.5":5.4179231640202,"9":5.4179231640202,"8.5":4.0333427998817,"8":4.0333427998817,"7.5":3.3779245949009,"7":3.3779245949009,"6.5":3.2331563979766,"6":3.2331563979766,"5.5":3.6103579777405,"5":3.6103579777405,"4.5":4.8378796901723,"4":4.8378796901723,"3.5":8.1034484810387,"3":8.1034484810387,"2":18.097701607653,"1":60.627300385638},"Under":{"10":1,"9.75":1.1633725130506,"9.25":1.1633725130506,"8.75":1.303299033402,"8.25":1.303299033402,"7.75":1.5544436861289,"7.25":1.5544436861289,"6.75":2.0189902729389,"6.25":2.0189902729389,"5.75":2.9355691136071,"5.25":2.9355691136071,"4.75":4.9466007862103,"4.25":4.9466007862103,"3.75":10.120641548659,"3.25":10.120641548659,"3":10.120641548659,"2":26.949936147538},"Over":{"10":null,"9.75":null,"9.25":5.1271061071148,"8.75":3.0938948058092,"8.25":3.0938948058092,"7.75":2.018598970487,"7.25":2.018598970487,"6.75":1.4265818184146,"6.25":1.4265818184146,"5.75":1.0919836170863,"5.25":1.0919836170863,"4.75":1,"4.25":1,"3.75":1,"3.25":1,"3":1,"2":1}},"Deambrosis":{"Esatto":{"10":8.0864524836123,"9.5":5.4179231640202,"9":5.4179231640202,"8.5":4.0333427998817,"8":4.0333427998817,"7.5":3.3779245949009,"7":3.3779245949009,"6.5":3.2331563979766,"6":3.2331563979766,"5.5":3.6103579777405,"5":3.6103579777405,"4.5":4.8378796901723,"4":4.8378796901723,"3.5":8.1034484810387,"3":8.1034484810387,"2":18.097701607653,"1":60.627300385638},"Under":{"10":1,"9.75":1.1633725130506,"9.25":1.1633725130506,"8.75":1.303299033402,"8.25":1.303299033402,"7.75":1.5544436861289,"7.25":1.5544436861289,"6.75":2.0189902729389,"6.25":2.0189902729389,"5.75":2.9355691136071,"5.25":2.9355691136071,"4.75":4.9466007862103,"4.25":4.9466007862103,"3.75":10.120641548659,"3.25":10.120641548659,"3":10.120641548659,"2":26.949936147538},"Over":{"10":null,"9.75":null,"9.25":5.1271061071148,"8.75":3.0938948058092,"8.25":3.0938948058092,"7.75":2.018598970487,"7.25":2.018598970487,"6.75":1.4265818184146,"6.25":1.4265818184146,"5.75":1.0919836170863,"5.25":1.0919836170863,"4.75":1,"4.25":1,"3.75":1,"3.25":1,"3":1,"2":1}},"Gallina":{"Esatto":{"10":8.0864524836123,"9.5":5.4179231640202,"9":5.4179231640202,"8.5":4.0333427998817,"8":4.0333427998817,"7.5":3.3779245949009,"7":3.3779245949009,"6.5":3.2331563979766,"6":3.2331563979766,"5.5":3.6103579777405,"5":3.6103579777405,"4.5":4.8378796901723,"4":4.8378796901723,"3.5":8.1034484810387,"3":8.1034484810387,"2":18.097701607653,"1":60.627300385638},"Under":{"10":1,"9.75":1.1633725130506,"9.25":1.1633725130506,"8.75":1.303299033402,"8.25":1.303299033402,"7.75":1.5544436861289,"7.25":1.5544436861289,"6.75":2.0189902729389,"6.25":2.0189902729389,"5.75":2.9355691136071,"5.25":2.9355691136071,"4.75":4.9466007862103,"4.25":4.9466007862103,"3.75":10.120641548659,"3.25":10.120641548659,